<?xml version="1.0" encoding="UTF-8"?>
<build-type xmlns:xsi="http://www.w3.org/2001/XMLSchema-instance" uuid="5d4a91a4-3141-477c-9889-5f93362cb5a5" xsi:noNamespaceSchemaLocation="https://www.jetbrains.com/teamcity/schemas/2021.1/project-config.xsd">
  <name>unitTest</name>
  <description />
  <settings>
    <parameters />
    <build-runners>
      <runner id="RUNNER_1" name="run" type="simpleRunner">
        <parameters>
          <param name="script.content" value="exit $((%build.number% % 2))" />
          <param name="teamcity.step.mode" value="default" />
          <param name="use.custom.script" value="true" />
        </parameters>
      </runner>
    </build-runners>
    <vcs-settings />
    <requirements />
    <build-triggers />
    <cleanup />
  </settings>
</build-type>

