<?xml version="1.0" encoding="UTF-8"?>
<build-type xmlns:xsi="http://www.w3.org/2001/XMLSchema-instance" uuid="9db1752c-13f3-46d0-ac53-494d6b163610" xsi:noNamespaceSchemaLocation="https://www.jetbrains.com/teamcity/schemas/2021.1/project-config.xsd">
  <name>integration_tests</name>
  <description />
  <settings>
    <parameters />
    <build-runners>
      <runner id="RUNNER_2" name="" type="simpleRunner">
        <parameters>
          <param name="script.content" value="exit $((%build.counter% % 2))" />
          <param name="teamcity.step.mode" value="default" />
          <param name="use.custom.script" value="true" />
        </parameters>
      </runner>
    </build-runners>
    <vcs-settings />
    <requirements />
    <build-triggers />
    <cleanup />
  </settings>
</build-type>

