<?xml version="1.0" encoding="UTF-8"?>
<build-type xmlns:xsi="http://www.w3.org/2001/XMLSchema-instance" uuid="292b2b19-2b52-4e00-9b31-a71001d33ee5" xsi:noNamespaceSchemaLocation="https://www.jetbrains.com/teamcity/schemas/2021.1/project-config.xsd">
  <name>build</name>
  <description />
  <settings>
    <parameters />
    <build-runners>
      <runner id="RUNNER_3" name="" type="simpleRunner">
        <parameters>
          <param name="script.content" value="echo Hello" />
          <param name="teamcity.step.mode" value="default" />
          <param name="use.custom.script" value="true" />
        </parameters>
      </runner>
    </build-runners>
    <vcs-settings />
    <requirements />
    <build-triggers />
    <cleanup />
  </settings>
</build-type>

